prompt_id,umbrella,idea_id,model_used,temperature,idea_text
0001,Urban Planning,0001_0ebbb286,gemma:instruct,0.2,"**Solution:**

1. **Dynamically adjust traffic light timings:**
    - Real-time data from RFID numberplate readers and online map providers will be used to track vehicle density on major arterial roads.
    - Adaptive traffic light algorithms will dynamically adjust green and red phases based on real-time congestion levels, prioritizing high-density corridors.


2. **Implement Smart Lane Management:**
    - Designate specific lanes as ""Smart Lanes"" equipped with priority signals and enhanced infrastructure for public transport, bicycles, and emergency vehicles.
    - Integrate Smart Lane data with traffic light systems to prioritize these lanes during peak hours.


3. **Promote Non-Motorized Transport:**
    - Enhance and incentivize cycling infrastructure and dedicated bus lanes to reduce private vehicle dependency.
    - Implement congestion pricing for private vehicles during peak hours, encouraging the use of public transport or non-motorized alternatives.


4. **Promote Work-From-Home and Flexible Timings:**
    - Encourage employers in the IT sector to promote work-from-home options or flexible working hours to reduce the number of commuters during peak hours.


5. **Invest in Smart Parking Solutions:**
    - Implement smart parking systems that utilize sensors and online data to display available parking spaces in real-time.
    - Encourage the use of multi-level parking structures to maximize available space."
0001,Urban Planning,0001_0a1be545,gemma:instruct,0.5,"**Technical Solution:**

1. **Dynamically adjust traffic light timings:**
    - Real-time data from RFID numberplate readers and online map providers will be used to track traffic flow on major arterial roads.
    - Adaptive algorithms will dynamically adjust traffic light timings to prioritize green phases for incoming traffic and reduce congestion.


2. **Implement smart lane management:**
    - Implement dynamic lane markings using LED strips or paint that can change according to real-time traffic data.
    - Allocate lanes dynamically based on traffic volume, prioritizing public transport, bicycles, and essential vehicles.


3. **Promote non-motorized transport:**
    - Enhance and incentivize cycling infrastructure and dedicated bus lanes.
    - Implement park-and-ride facilities at strategic locations around the city to reduce private vehicle usage.


4. **Encourage working from home:**
    - Partner with major IT companies in Pune to incentivize employees to work from home on certain days of the week, reducing peak-hour traffic.


5. **Promote ride-sharing and carpooling:**
    - Invest in ride-sharing infrastructure and subsidies to encourage people to share rides instead of driving individually.


6. **Expand underground and overground public transport:**
    - Expand the reach and frequency of bus, metro, and tram services to provide efficient and reliable public transport options."
0001,Urban Planning,0001_35aec3d3,gemma:instruct,0.8,"**Technical Solution:**

1. **Dynamic Route Optimization:**
    - Develop a real-time traffic monitoring system that utilizes data from RFID readers and online map providers.
    - Implement an AI-powered route optimization algorithm that dynamically recommends the fastest and most efficient routes to drivers based on current traffic conditions.


2. **Smart Signal Coordination:**
    - Integrate the traffic monitoring system with traffic light controllers.
    - Implement adaptive traffic light algorithms that adjust signal timing based on real-time traffic flow data, prioritizing routes with congestion.


3. **Smart Parking Management:**
    - Deploy smart parking sensors throughout the city that transmit data to an online platform.
    - Develop a mobile application that displays real-time parking availability at various locations, guiding drivers to available spaces.


4. **Dedicated Lane Management:**
    - Identify key arterial roads with congestion.
    - Implement dynamic lane management systems that prioritize high-occupancy vehicles (HOVs) and public transport during peak hours.


5. **Promote Public Transport:**
    - Invest in expanding the city's public transport network, including buses, metro, and cycling lanes.
    - Provide incentives for employees and commuters to switch to public transport."
0002,Biometrics & Computer Vision,0002_54a5c10a,gemma:instruct,0.2,"**Unsupervised Elastic Fingerprint Alignment Architecture:**

**1. Convolutional Feature Extraction:**

- Apply convolutional neural networks (CNNs) to extract spatial features from the grayscale fingerprint image.
- Use multiple convolutional layers with increasing kernel sizes to capture local and global features.


**2. Spatial Transformer Network:**

- Implement a Spatial Transformer Network (STN) to capture long-range dependencies between fingerprint pixels.
- STN uses attention mechanisms to learn the influence of each pixel on every other pixel, effectively encoding spatial relationships.


**3. Elastic Deformation Estimation:**

- Integrate a deformation estimation module within the STN architecture.
- This module predicts a deformation field that warps the input fingerprint image into a canonical reference pose.
- The deformation field is learned by minimizing the distance between the warped fingerprint and the target pose.


**4. Self-Supervised Learning:**

- Utilize a self-supervised learning approach where the model learns to predict the fingerprint's pose from its own warped representation.
- This eliminates the need for pixel-level ground truth distortion fields.


**5. Alignment Output:**

- The final output of the network is the aligned fingerprint image, obtained by applying the learned deformation field to the original image.

**Key Features:**

- Direct alignment from grayscale images, bypassing minutiae extraction.
- Unsupervised learning approach eliminates the need for ground truth data.
- Spatial transformer network captures long-range dependencies and encodes spatial relationships.
- Deformation estimation module estimates the elastic deformation of the fingerprint."
0002,Biometrics & Computer Vision,0002_25cd4b62,gemma:instruct,0.5,"**Unsupervised Elastic Fingerprint Alignment Architecture:**

**1. Convolutional Feature Extraction:**

- Convolutional neural networks extract spatial features from the grayscale fingerprint image.
- Multiple convolutional layers with increasing kernel size capture multi-scale features.


**2. Self-Attention Network:**

- A self-attention mechanism learns pairwise relationships between pixels in the fingerprint image.
- Attention weights capture the spatial dependencies between pixels, considering their relative positions and grayscale intensities.


**3. Deformation Estimation:**

- An autoencoder architecture is used to compress the attention weights into a latent representation.
- The latent representation is then used to predict the elastic deformation field of the fingerprint image.
- This deformation field describes how each pixel in the image should be transformed to align it with the reference fingerprint.


**4. Image Alignment:**

- Given the estimated deformation field, each pixel in the fingerprint image is warped using the deformation field.
- The warped fingerprint image is aligned with the reference fingerprint.


**5. Output:**

- The aligned fingerprint image is the output of the model.

**Key Features:**

- **Unsupervised:** No ground truth distortion fields are required for training.
- **Direct Alignment:** Aligns fingerprints directly from the grayscale image, bypassing minutiae extraction.
- **Elastic Deformation:** Models the non-linear stretching of skin during fingerprint impressions."
0002,Biometrics & Computer Vision,0002_5a041c81,gemma:instruct,0.8,"**Unsupervised Elastic Fingerprint Alignment Architecture:**

**1. Convolutional Feature Extraction:**
- Convolutional neural networks extract local spatial features from the grayscale fingerprint image.
- Multiple convolutional layers capture increasingly broader spatial context.

**2. Self-Attention Network:**
- A self-attention network learns interdependencies between pairs of points in the fingerprint image.
- Points closer to each other in the image are assigned higher attention weights.

**3. Elastic Transformation Estimation:**
- The self-attention network outputs a deformation field that describes the elastic transformation between the input fingerprint and a reference fingerprint.
- This deformation field accounts for variations in fingerprint curvature and elasticity.

**4. Mutual Regularization:**
- To ensure spatial coherence, the deformation field is subject to a smoothness constraint.
- This encourages neighboring points to move in similar directions.

**5. Gradient Ascent Optimization:**
- The entire architecture is trained using an unsupervised gradient ascent optimization algorithm.
- The model learns to minimize the distance between the input fingerprint and its aligned version.

**Key Features:**

- Direct alignment of fingerprints from grayscale images.
- Unsupervised learning without requiring pixel-level ground truth.
- Accounts for elastic distortions through deformation field estimation.
- Spatial regularization ensures coherent and physically plausible transformations."
0003,AI Security,0003_1bcbaaf3,gemma:instruct,0.2,"**Methodology:**

**1. Email Corpus Generation:**

- Collect emails from real-world phishing campaigns.
- Anonymize sender and recipient information.
- Maintain email integrity for visual and textual cues.


**2. Human Subjects:**

- Recruit participants with varying levels of technical expertise.
- Ensure representative diversity in age, gender, and industry.


**3. Agent Configuration:**

- Train the LLM agent on a dataset of relevant emails and workflows.
- Configure the agent to respond to emails autonomously.


**4. Controlled Inbox Environment:**

- Develop a web-based platform simulating an inbox environment.
- Present emails simultaneously to both human participants and the LLM agent.
- Ensure consistent access to the same email corpus and threat landscape.


**5. Phishing Attempts:**

- Design a series of spear-phishing emails targeting known vulnerabilities in email processing and response patterns.
- Vary email sender, content, and attachment types.


**6. Data Collection:**

- Track participant and agent responses to phishing emails.
- Log email processing times, response actions, and susceptibility indicators.


**7. Evaluation Metrics:**

- **Detection Rate:** Percentage of emails correctly identified as phishing attempts.
- **Response Time:** Time taken to respond to phishing emails.
- **Action Efficacy:** Effectiveness of responses in mitigating potential damage.


**8. Statistical Analysis:**

- Compare the susceptibility of the LLM agent and human participants.
- Analyze the correlation between susceptibility and email characteristics.


**9. Reporting:**

- Summarize the results and identify significant differences in phishing susceptibility between the LLM agent and human users.
- Provide recommendations for improving the resilience of both human and AI-powered email management systems."
0003,AI Security,0003_aa40c47c,gemma:instruct,0.5,"**Methodology:**

**1. Spear-phishing email generation:**

- Develop a library of realistic spear-phishing email templates tailored to known organizational vulnerabilities.
- Include variations in email sender, subject line, and body content.


**2. Controlled experiment:**

- Recruit human participants and LLM agents.
- Randomly assign participants to receive either spear-phishing emails or benign emails.
- Ensure both groups receive the same email templates.


**3. Detection and response analysis:**

- Track participants' and agents' susceptibility to phishing attempts through:
    - Email open rates
    - Click-through rates
    - Actions taken after receiving phishing emails (e.g., login credentials compromised, funds transferred)


**4. Vulnerability quantification:**

- Calculate the ratio of phishing susceptibility between the LLM agent and human participants.
- Measure the percentage reduction in susceptibility compared to human users.


**5. Real-world simulation:**

- Deploy the experiment in a simulated inbox environment mimicking real-world tool-use capabilities:
    - Integrate the experiment with existing email infrastructure.
    - Ensure access to relevant organizational resources and information.


**6. Evaluation and analysis:**

- Analyze the data to determine if the LLM agent exhibits statistically significant differences in susceptibility to phishing compared to human users.
- Identify potential vulnerabilities and areas for improvement in the agent's security posture."
0003,AI Security,0003_941af2b2,gemma:instruct,0.8,"## Methodology for Evaluating LLM Agent Susceptibility to Phishing

**Step 1: Environment Simulation:**

- Design a web-based inbox interface where human participants and the LLM agent interact.
- Integrate realistic email handling functionalities like spam filters, search tools, and notification settings.
- Ensure the interface is responsive to diverse device and browser configurations.

**Step 2: Spear-phishing Attacks:**

- Craft a set of emails containing escalating levels of social engineering sophistication.
- Include variations in sender identity, subject lines, and email content.
- Ensure emails are relevant to the target audience and industry.

**Step 3: Testing Procedure:**

- Recruit human participants and train them on recognizing phishing emails.
- Provide the LLM agent with the same training data and access to the inbox interface.
- Simultaneously expose both groups to the same sequence of spear-phishing emails over a period of time.

**Step 4: Data Collection:**

- Track:
    - Successful vs. unsuccessful phishing attempts for both groups.
    - Response time to suspicious emails.
    - User reports of suspected phishing attempts.
    - Agent actions in response to emails.

**Step 5: Analysis:**

- Calculate susceptibility metrics for both groups based on:
    - Percentage of successful phishing attacks.
    - Time taken to identify suspicious emails.
    - User reports of suspected phishing attempts.
- Compare the susceptibility metrics of the LLM agent and human participants.

**Step 6: Evaluation:**

- Determine if the LLM agent is statistically more susceptible to phishing than human users.
- Analyze the specific vulnerabilities of the LLM agent to phishing attacks.
- Identify potential mitigation strategies for both the LLM agent and human users."
0004,Computer Vision,0004_09f28f4d,gemma:instruct,0.2,"**Technical Solution:**

**1. Character Candidates Extraction:**

- Apply a custom-designed edge detector to identify potential character boundaries.
- Utilize morphological operations (opening and closing) to remove noise and thin edges.
- Perform connected component analysis to isolate individual characters.


**2. Overlapping Character Removal:**

- Identify character pairs with significant overlap using bounding box intersection.
- Apply a deformable model based on a Convolutional Generative Adversarial Network (CGAN) to warp and expand each character individually.
- This process effectively separates overlapping characters without significant distortion.


**3. Segmentation Refinement:**

- Train a lightweight U-Net architecture with skip connections to capture multi-scale features.
- Fine-tune the segmentation model on a curated dataset of CAPTCHA images with overlapping characters.
- Employ attention mechanisms to focus on relevant regions of the image for accurate segmentation.


**4. Output:**

- Obtain the final segmented characters by applying a thresholding operation to the segmentation mask.
- Pass the segmented characters to a pre-trained CNN for classification."
0004,Computer Vision,0004_df0a5e53,gemma:instruct,0.5,"**Technical Solution:**

**1. Character Candidate Extraction:**

- Apply a custom-designed edge detector to identify potential character boundaries.
- Perform morphological operations (closing and opening) to remove noise and small fragments.
- Perform connected component analysis to isolate individual characters.


**2. Overlapping Character Isolation:**

- Develop a dynamic programming algorithm that iteratively merges adjacent connected components based on:
    - Distance to neighboring components.
    - Overlapping area ratio.
    - Gradient similarity of pixel intensities.
- This process identifies and removes overlapping regions, isolating individual characters.


**3. Convolutional Neural Network Segmentation:**

- Design a lightweight CNN architecture with:
    - Small number of layers.
    - Efficient activation functions like ReLU.
    - Output: Probability heatmap indicating the probability of each pixel belonging to a character.
- Train the CNN on a dataset of distorted CAPTCHAs with bounding boxes for each character.


**4. Character Classification:**

- Integrate the segmented characters with a pre-trained character classification model like a BERT-based model.
- Classify each character and assemble the complete text.

**Additional Considerations:**

- Utilize data augmentation techniques to improve the robustness of the segmentation model.
- Employ attention mechanisms within the CNN to capture spatial dependencies between pixels.
- Consider using transformers for character representation learning, potentially improving performance on highly distorted CAPTCHAs."
0004,Computer Vision,0004_f92ff76b,gemma:instruct,0.8,"**Technical Solution:**

**1. Pre-processing:**

- Adaptive Gaussian blurring to reduce noise and enhance edges.
- Adaptive thresholding to obtain binary image with foreground characters and background.


**2. Character Candidates Extraction:**

- Connected component analysis to identify individual characters.
- Apply morphological operations (opening and closing) to remove small noise and unwanted connections.


**3. Overlapping Character Segmentation:**

- **Boundary-based segmentation:**
    - Calculate gradient magnitude image.
    - Identify pixels with high gradient magnitude as potential character boundaries.
    - Perform connected component analysis on boundaries to segment overlapping characters.
- **Attention-based segmentation:**
    - Design a custom convolutional attention mechanism that focuses on regions of high gradient magnitude.
    - Integrate attention weights into the segmentation process.


**4. Post-processing:**

- Remove small fragments and isolated pixels.
- Apply morphological operations to refine segmentation results.


**PyTorch Architecture:**

- Custom convolutional neural network with attention mechanism for character segmentation.
- Network trained on synthetic CAPTCHA data with varying degrees of overlap and distortion.


**Optimization Techniques:**

- Randomly flip and rotate images during training to improve generalization.
- Use early stopping and weight decay to prevent overfitting.


**Efficiency Considerations:**

- Utilize efficient image processing libraries like OpenCV or Scikit-Image for pre-processing and post-processing.
- Design lightweight neural network architecture with few layers and parameters."
0005,Academic Tooling,0005_b80bdf71,gemma:instruct,0.2,"**Technical Solution:**

**1. Notebook Analysis:**

- Leverage NLP and AST (Abstract Syntax Tree) analysis to identify mathematical expressions and code blocks in the notebook.
- Recognize and classify different cell types (code, markdown, output).


**2. Mathematical Expression Conversion:**

- Translate mathematical expressions to LaTeX using existing libraries like `sympy` or `KaTeX`.
- Ensure proper alignment and spacing of equations within the two-column layout.


**3. Code Block Conversion:**

- Identify code snippets relevant to visualization or analysis.
- Convert code to corresponding LaTeX syntax using tools like `pylatex` or custom-defined macros.


**4. Table Conversion:**

- Analyze table structure and data content.
- Convert tables to LaTeX `tabular` environment with automatic captioning and referencing.


**5. Figure Exportation:**

- Extract figures from the notebook and convert them to PDF format.
- Integrate figures into the LaTeX document using `\includegraphics` command with appropriate captioning and referencing.


**6. LaTeX Compilation:**

- Generate a two-column LaTeX template incorporating the converted equations, code snippets, tables, and figures.
- Use automated tools like `pandoc` or custom-built Python scripts to compile the notebook into a compliant `.tex` file.


**7. Validation and Output:**

- Validate adherence to conference guidelines through automated checks.
- Output the final `.tex` file for submission to the conference."
0005,Academic Tooling,0005_693052e2,gemma:instruct,0.5,"**Technical Solution:**

**1. NLP-based Text Extraction:**

- Utilize natural language processing libraries like spaCy or Stanford CoreNLP to extract equations and relevant text from Jupyter cells.
- Identify and categorize code blocks and cell outputs.


**2. LaTeX Equation Conversion:**

- Leverage libraries like `latexify` or `KaTeX` to convert mathematical expressions and code snippets into LaTeX syntax.
- Ensure proper placement of equations within the generated `.tex` file.


**3. Table and Figure Export:**

- Analyze notebook metadata and cell contents to identify tables and figures.
- Convert tables to tabular environments using `tabular` or `longtable` packages.
- Export figures as standalone `png` or `pdf` files and include references in the `.tex` file.


**4. Two-column Layout Conversion:**

- Identify section headers and cell borders to determine column boundaries.
- Utilize `multicol` package to automatically adjust cell widths and create a two-column layout.


**5. Automated Compilation:**

- Integrate the above steps into a Python script.
- Use `pylatex` or `pdflatex` to compile the generated `.tex` file into a PDF submission.


**6. Validation and Output:**

- Perform thorough visual inspection to ensure adherence to conference guidelines.
- Output the final PDF document for submission."
0005,Academic Tooling,0005_6749908f,gemma:instruct,0.8,"**Technical Solution:**

**1. Notebook Analysis:**

- Leverage `nbconvert` library to recursively traverse notebook structure.
- Identify cells containing equations, code, and figures.


**2. Mathematical Expression Conversion:**

- Identify LaTeX-compatible syntax in cells.
- Use `sympy` library to parse mathematical expressions and generate LaTeX code.
- Integrate with existing LaTeX packages like `amsmath` for advanced equation typesetting.


**3. Table Conversion:**

- Detect table structures from Markdown syntax.
- Convert tables to tabular environments in LaTeX.
- Ensure proper column alignment and caption placement.


**4. Figure Exportation:**

- Identify figures embedded in cells.
- Use `savefig` method from matplotlib library to export figures to PDF.
- Integrate PDF figures into the LaTeX document using `\includegraphics` command.


**5. LaTeX Compilation:**

- Generate a two-column LaTeX template with specific conference guidelines.
- Insert converted equations, tables, and figures into the template.
- Use `pdflatex` command to compile the generated `.tex` file into a submission-ready PDF.


**6. Automation:**

- Wrap the process in a Python function.
- Accept notebook path as input and output the compiled PDF.
- Integrate with continuous integration pipelines for automated submissions."
0006,Environmental AI,0006_9d0596f8,gemma:instruct,0.2,"## Conceptual Design: Smart Grid Demand Prediction & Routing Agent

**Architecture:**

* **Sensors:** Collect real-time data on power consumption and renewable energy generation.
* **Agent:** Reinforcement learning agent trained in the OpenEnv framework.
* **Action Interface:** Interface with the city's smart grid infrastructure to dynamically reroute power.

**Training in OpenEnv:**

1. **State Representation:**
    - Power consumption in different zones.
    - Renewable energy generation.
    - System constraints and operational limits.
2. **Action Space:**
    - Dispatch power from conventional power plants.
    - Activate/deactivate demand response programs.
    - Redirect power flow between zones.
3. **Reward Function:**
    - Minimize power outages.
    - Maximize renewable energy utilization.
    - Minimize costs associated with conventional power generation.

**Algorithm:**

* **On-line learning:** The agent continuously learns from real-time data and adapts its behavior over time.
* **Exploration-exploitation trade-off:** The agent balances exploring new actions and exploiting known successful actions.
* **Dynamic rerouting:** Based on the agent's predictions and current system state, the action interface dynamically reroutes power to zones with high demand or low renewable energy supply.

**OpenEnv Interface:**

* Utilize pre-built sensors and action interfaces provided by OpenEnv.
* Define custom reward functions and learning environments specific to the city's smart grid.
* Leverage the built-in data collection and visualization tools for monitoring and improving the agent's performance.

**Expected Outcomes:**

* Improved prediction of power demand spikes.
* Increased utilization of renewable energy.
* Reduced frequency and duration of power outages.
* Enhanced grid stability and efficiency."
0006,Environmental AI,0006_0fc02dde,gemma:instruct,0.5,"## Conceptual Design: Smart Grid Demand Prediction & Rerouting Agent

**1. Data Acquisition & Preprocessing:**

- Sensors and smart meters feed real-time power demand data to the environment.
- Data is preprocessed for noise reduction and normalization.


**2. Agent Architecture:**

- **Sensors:** Observes current power demand and renewable energy supply.
- **Action Space:** Dynamically reroutes power allocation across the grid.
- **Value Function:** Maximizes long-term reward through reduced peak demand and increased renewable energy utilization.


**3. OpenEnv Integration:**

- **Custom Environment:** Develop an OpenEnv-compatible environment mimicking the city's smart grid.
- **Action Mapping:** Define actions as adjustments to power allocation across grid zones.
- **Reward Function:** Penalizes deviations from target power demand and rewards renewable energy utilization.


**4. Training & Deployment:**

- Train the RL agent in the custom environment.
- Monitor performance metrics and adjust hyperparameters for optimal results.
- Deploy the trained agent in the live smart grid system.


**5. Continuous Learning & Adaptation:**

- Collect data from real-time operation and feedback from stakeholders.
- Retrain the agent periodically to adapt to changing grid conditions and energy mix.


**Key Technologies:**

- Reinforcement Learning (RL) algorithms like Deep Q-Learning or Proximal Policy Optimization (PPO)
- TensorFlow or PyTorch for neural network implementation
- OpenEnv framework for flexible and extensible reinforcement learning development


**Expected Outcomes:**

- Reduced power demand peaks
- Increased utilization of renewable energy
- Improved grid stability and resilience
- Enhanced efficiency and cost savings for the city"
0006,Environmental AI,0006_d676de1f,gemma:instruct,0.8,"## Conceptual Design: Smart Grid Demand Balancing Agent

**Architecture:**

* **Sensors:** Continuous monitoring of power grid parameters (voltage, current, frequency) via smart grid infrastructure.
* **Agent:** Reinforcement learning agent trained using OpenEnv's Gym interface.
* **Action Selection:** Real-time selection of actions to reroute power based on predicted demand spikes.

**Training:**

1. **Data Collection:** Historical power grid data and sensor readings are imported into OpenEnv's Gym environment.
2. **State Representation:** Features extracted from sensor data (current, voltage, frequency) are used as input to the agent.
3. **Action Space:** Actions include redirecting power from low-demand zones to high-demand zones or activating/deactivating energy storage systems.
4. **Reinforcement Learning:** The agent learns through trial-and-error, receiving rewards for achieving desired power grid stability metrics (frequency stability, voltage deviation, blackout frequency).

**Interface with OpenEnv:**

* Custom Gym environment built utilizing OpenEnv's functionalities for:
    * Defining the state space and action space.
    * Simulating the power grid dynamics and sensor readings.
    * Implementing the reward function based on desired grid stability metrics.
* Continuous communication between the trained agent and the real-time power grid system via APIs for action execution.

**Key Features:**

* **Adaptive Learning:** The agent continuously learns from real-time data and adapts its behavior based on changing grid conditions.
* **Real-time Response:** Actions are selected and executed in real-time to respond to demand spikes promptly.
* **Scalability:** The solution is scalable to different city sizes and power grid configurations.

**Expected Outcomes:**

* Reduced frequency deviations and voltage excursions.
* Increased utilization of renewable energy sources.
* Minimalization of power outages and blackouts."
0007,Machine Learning Engineering,0007_f110b9dd,gemma:instruct,0.2,"**Technical Solution:**

**1. Quantization:**

- Apply Layer-wise Quantization (LQ) with stochastic rounding to reduce the precision of model parameters from 32-bit to 8-bit or 16-bit.
- Employ Quantization-aware training to mitigate accuracy loss during quantization.


**2. Parameter-Efficient Fine-Tuning (PEFT):**

- Utilize PEFT techniques like pruning and distillation to selectively reduce the number of trainable parameters.
- Employ magnitude-based pruning to remove insignificant weights.
- Perform knowledge distillation by training a smaller model to mimic the behavior of a larger model.


**3. Gradient Accumulation:**

- Split the batch size into smaller mini-batches.
- Accumulate gradients over multiple mini-batches before updating the model parameters.
- This reduces the effective batch size without increasing memory consumption.


**4. Mixed Precision Training:**

- Perform parts of the training process in half-precision (16-bit) instead of full precision (32-bit).
- This reduces memory consumption and improves training speed.


**5. Efficient Data Loading:**

- Implement data loading techniques that minimize memory usage.
- Use buffered data loading and efficient batch sampling strategies to reduce peak memory consumption.


**Additional Considerations:**

- **Adaptive Quantization:** Implement adaptive quantization methods that adjust the quantization parameters during training to improve accuracy.
- **Dynamic Batch Size Adjustment:** Dynamically adjust the batch size based on available memory.
- **Model Architecture Optimization:** Choose a model architecture that is more memory-efficient for the target domain."
0007,Machine Learning Engineering,0007_d35e106b,gemma:instruct,0.5,"**Technical Solution:**

**1. Quantization:**

* Apply low-precision quantization techniques like QAT or TensorRT quantization to reduce the model's precision from 32-bit to 8-bit or 16-bit without significant accuracy degradation.
* Employ stochastic quantization with careful tuning of the quantization parameters for optimal performance.


**2. Parameter-Efficient Fine-Tuning (PEFT):**

* Implement PEFT algorithms that selectively prune or reduce the dimensionality of the model's parameters during fine-tuning, significantly reducing memory footprint without sacrificing performance.
* Utilize techniques like magnitude pruning or randomized pruning to selectively remove or reduce the influence of less important parameters.


**3. Efficient Training Loops:**

* Utilize gradient accumulation to split the large batch size into smaller batches, reducing memory consumption per batch.
* Employ mixed precision training with both 16-bit and 32-bit precision for faster convergence and reduced memory footprint.


**4. Selective Parameter Update:**

* Implement selective parameter update strategies where only a subset of the model's parameters are updated at each training iteration, reducing memory consumption during training.
* Identify and fix redundant or irrelevant parameters through analysis of the model's weights and activations.


**5. Monitoring and Optimization:**

* Monitor memory usage during training and utilize tools like NVIDIA Profile or TensorBoard to identify potential bottlenecks.
* Fine-tune hyperparameters like batch size, learning rate, and quantization parameters to optimize memory efficiency."
0007,Machine Learning Engineering,0007_46262e50,gemma:instruct,0.8,"## Memory-efficient Fine-tuning Strategy for 7B LLM on RTX 3070-Ti:

**1. Quantization:**

- Apply Layer-wise Quantization (LQ) with stochastic rounding to reduce the precision of activations and parameters from 32-bit to 8-bit or 16-bit.
- Employ Quantization-aware training to mitigate accuracy loss during quantization.


**2. Parameter-Efficient Fine-tuning (PEFT):**

- Utilize pruning algorithms to reduce the model's footprint by eliminating redundant or unimportant parameters.
- Employ Knowledge Distillation to transfer knowledge from a larger pre-trained model to a smaller model, reducing the overall parameter count.


**3. Dynamic Batching & Mixed Precision Training:**

- Dynamically adjust batch sizes to fit within memory constraints.
- Leverage mixed precision training by employing both 16-bit and 32-bit representations for activations and parameters, improving memory efficiency.


**4. Gradient Accumulation:**

- Accumulate gradients for multiple mini-batches before updating the model parameters. This reduces the effective batch size, lowering memory consumption.


**5. Model Architecture Optimization:**

- Consider using smaller attention heads or reducing the number of attention layers to reduce memory footprint.
- Utilize Transformers with sparse attention to reduce redundancy in the attention mechanism.


**Additional Techniques:**

- Utilize checkpointing to store intermediate model states during training and load them when needed, preventing large models from consuming too much memory at once.
- Consider using model distillation techniques like Knowledge Prompting, where a smaller model is trained to mimic the behavior of a larger model.


**Expected Outcome:**

- Successful fine-tuning of the 7B LLM on the RTX 3070-Ti with 8GB VRAM.
- Improved training speed and reduced memory consumption compared to standard full-parameter fine-tuning."
0008,Deep Learning,0008_4d1cd151,gemma:instruct,0.2,"**Loss Function:**

**1. Adaptive Negative Sampling:**

- Introduce a dynamic threshold based on the pairwise cosine similarity between each positive-negative pair.
- If the cosine similarity exceeds the threshold, the negative is discarded and replaced with a new randomly sampled image.


**2. Weighted Cosine Similarity:**

- Assign weights to the cosine similarity based on the pairwise distance between the positive and negative images.
- Weights should decay exponentially with distance, effectively penalizing more distant negatives less.


**3. Focal Loss:**

- Use a focal loss function that concentrates the learning signal on the positive pairs while softly classifying the negatives.
- This ensures that the model focuses on correctly pulling together positives while gracefully handling distant negatives.


**4. Joint Optimization:**

- Optimize the loss function alongside a clustering criterion that encourages the positive pairs to be closer to each other than the negatives.
- This reinforces the positive relationships while minimizing the influence of false negatives."
0008,Deep Learning,0008_1e134db4,gemma:instruct,0.5,"**Loss Function:**

**1. Adaptive Negative Sampling:**

- Introduce a dynamic threshold based on the pairwise distance between each positive-negative pair.
- If the distance falls below the threshold, the negative is labeled as 'potentially positive.'
- Only penalize the model for pulling together images below the threshold.

**2. Weighted Contrastive Loss:**

- Assign weights to positive and negative pairs based on their pairwise distance.
- Weights decay exponentially with distance, prioritizing closer pairs.
- This ensures that the model focuses on learning representations that differentiate nearby parts while still learning generalizable representations from distant ones.

**3. Distance-aware Normalization:**

- Normalize distances by the maximum pairwise distance within the batch.
- This ensures that the model learns relative distances, mitigating the impact of outliers.

**4. Joint Probability Estimation:**

- Model the probability of an image being positive or negative based on its distance from the positive anchor.
- This allows for dynamic weighting of positive and negative contributions to the loss function.

**5. Exponential Decay of Learning Rate:**

- Gradually decrease the learning rate of the contrastive loss over time.
- This allows the model to converge to a solution where the learned representations effectively capture the underlying structure of the dataset."
0008,Deep Learning,0008_04caf382,gemma:instruct,0.8,"**Loss Function:**

**1. Adaptive Similarity Threshold:**

- Introduce a dynamic threshold based on the pairwise distance between each positive pair.
- Set the threshold dynamically based on the distribution of distances between positive pairs during training.
- Images with distances below the threshold are considered 'true positives' and ignored during loss calculation.

**2. Distance-Weighted Loss:**

- Assign weights to each negative image based on their pairwise distance to the positive pair.
- Negatives closer to the positive pair receive lower weights, reducing the penalization for 'false negatives'.

**3. Geometric Separation:**

- Use a geometric separation criterion to identify and penalize negatives that lie within a certain radius of the positive pair.
- This radius is adaptively defined based on the local density of positive and negative samples.

**4. Positive-Aware NMS:**

- Implement a 'positive-aware' non-maximum suppression (NMS) technique.
- During backpropagation, selectively suppress the gradients of negatives that are too close to the positive pair.

**5. Dynamic Batch Sampling:**

- Randomly sample batches but preferentially include images with large distances to the positive pair.
- This reduces the probability of accidentally selecting 'false positives' as negatives."
0009,Urban Planning,0009_0a0f7a2c,gemma:instruct,0.2,"**Technical Solution:**

**1. Centralized Delivery Hub:**

- Establish a designated delivery hub at the park perimeter.
- Integrate with e-commerce platforms and delivery apps to track incoming deliveries in real-time.


**2. Smart Routing Algorithm:**

- Develop an AI-powered routing algorithm to optimize delivery routes.
- Factor in real-time traffic data, designated parking zones, and zero-emission zones.


**3. Automated Guided Vehicles (AGVs):**

- Implement a fleet of autonomous, low-speed AGVs for internal transportation.
- Design designated pick-up and drop-off zones within the IT park.


**4. Smart Parking Management:**

- Install smart parking sensors throughout the park.
- Integrate sensors with the routing algorithm to suggest available parking spots.


**5. Delivery Management Software:**

- Develop a centralized delivery management platform.
- Track delivery status, optimize routes, and allocate parking spots in real-time.


**6. Zero-Emission Zone Implementation:**

- Designate specific zones within the park as zero-emission zones.
- Partner with delivery providers to ensure their fleets are electric or utilize other clean energy sources.


**7. Integration and Monitoring:**

- Integrate the delivery system with the park's access control system and security cameras.
- Monitor and analyze data to identify congestion hotspots and optimize the system over time."
0009,Urban Planning,0009_690a4ab1,gemma:instruct,0.5,"**Technical Solution:**

**1. Centralized Delivery Hub:**

* Establish a designated delivery hub at the park perimeter.
* Integrate with major delivery platforms and e-commerce vendors.
* Develop an AI-powered routing algorithm to optimize delivery routes.


**2. Automated Guided Vehicles (AGVs):**

* Implement a fleet of autonomous, zero-emission AGVs for intra-park deliveries.
* Design designated pick-up and drop-off zones within the IT park.
* Develop a mobile app for delivery drivers to track AGV locations in real-time.


**3. Smart Parking Management:**

* Install smart parking sensors throughout the IT park.
* Integrate sensors with the routing algorithm to allocate delivery vehicles designated parking spaces.
* Develop a mobile app for employees to track available parking spaces.


**4. Automated Drone Delivery:**

* Deploy drones for deliveries within the park when feasible.
* Design designated drone delivery zones.
* Develop drone-detection and avoidance systems for other park activities.


**5. Real-time Monitoring & Optimization:**

* Implement a central dashboard to monitor delivery performance in real-time.
* Use data analytics to optimize routes and delivery schedules.
* Integrate with traffic monitoring systems to adjust routes in response to congestion."
0009,Urban Planning,0009_456bc533,gemma:instruct,0.8,"**Solution:**

**1. Centralized Delivery Hub:**

* Establish a designated delivery hub at the park perimeter.
* Integrate with e-commerce and food delivery platforms to receive delivery requests in real-time.
* Implement automated sorting and consolidation systems to expedite deliveries.


**2. Automated Internal Distribution:**

* Develop a network of autonomous, low-speed electric vehicles (e.g., autonomous shuttles, drones) to transport consolidated deliveries throughout the park.
* Integrate with building access systems to identify authorized delivery zones within the park.
* Implement a centralized control platform to monitor and optimize autonomous deliveries in real-time.


**3. Designated Delivery Zones:**

* Designate specific, clearly signed delivery zones within the park for receiving consolidated deliveries.
* Prioritize zones furthest from high-traffic areas.
* Integrate zone data with the central control platform for autonomous deliveries.


**4. Smart Parking Management:**

* Implement smart parking sensors to track available parking spaces in designated delivery zones.
* Integrate data with the central control platform to optimize autonomous delivery routes.


**5. Real-time Monitoring & Optimization:**

* Develop a mobile application for delivery drivers to receive real-time updates on delivery routes, congestion alerts, and designated parking spaces.
* Collect and analyze data on delivery patterns and congestion to refine the system over time."
0010,Financial Technology,0010_5b905352,gemma:instruct,0.2,"**Technical Solution:**

**1. Natural Language Processing (NLP):**
- Train a NLP model to extract relevant financial data from offer letters.
- Identify and categorize elements like base salary, bonuses, and RSU details.


**2. Monte Carlo Simulation:**
- Develop a Monte Carlo simulation model to model potential stock price volatility.
- Generate a range of possible future stock prices based on historical data and market forecasts.


**3. Tax Optimization Engine:**
- Integrate with local tax databases to access tax brackets and rates.
- Calculate the tax impact of each compensation element based on vesting schedule and tax jurisdiction.


**4. Financial Projection Generator:**
- Combine the NLP-extracted data, Monte Carlo simulations, and tax optimization engine results.
- Generate a month-by-month financial projection of:
    - Take-home pay after taxes
    - Total projected compensation over 4 years
    - Average monthly liquidity


**5. User Interface:**
- Develop a web-based or mobile application with an intuitive interface.
- Allow users to input their offer letter and relevant financial data.
- Display the generated financial projection in a clear and concise manner.


**Key Features:**

- Automated extraction of financial data from offer letters.
- Simulation-based stock price modeling.
- Tax optimization engine for accurate tax calculations.
- Comprehensive financial projection with monthly liquidity tracking.
- User-friendly interface for seamless interaction."
0010,Financial Technology,0010_f0a3aa75,gemma:instruct,0.5,"**Technical Solution:**

**Step 1: Natural Language Processing (NLP)**

* Develop a NLP engine to extract relevant compensation components from offer letters.
* Identify and categorize elements like base salary, performance bonuses, and RSU details.

**Step 2: Financial Modeling**

* Model the vesting schedule of RSUs, factoring in front-loading or monthly vesting.
* Integrate historical stock price data to predict future growth or decline.
* Implement a Monte Carlo simulation to account for volatility and generate a range of potential outcomes.

**Step 3: Tax Simulation**

* Integrate local tax brackets and marginal tax rates into the model.
* Track taxable income and estimated taxes month-by-month.

**Step 4: Output Generation**

* Generate a comprehensive financial projection report.
* Display:
    * Monthly take-home pay
    * Cumulative take-home pay over 4 years
    * Estimated taxes paid month-by-month
    * Projected total value of compensation package at the end of 4 years

**Additional Features:**

* User-friendly interface for inputting offer letter details.
* Automatic updates to incorporate changes in tax laws and stock prices.
* Scenario planning tools to explore different investment and tax scenarios."
0010,Financial Technology,0010_1846897a,gemma:instruct,0.8,"**Technical Solution:**

**1. Natural Language Processing (NLP):**
- Train a NLP model to extract key financial terms and conditions from offer letters.
- Identify base salary, performance bonuses, and RSU details with associated vesting schedules.

**2. Monte Carlo Simulation:**
- Simulate various scenarios for stock price fluctuations over 4 years.
- Factor in historical data, industry trends, and analyst forecasts to generate probability distributions.

**3. Tax Optimization Engine:**
- Determine local tax brackets based on location.
- Calculate estimated taxes on salary and vested RSU shares for each month.

**4. Financial Projection Dashboard:**
- Develop a user-friendly dashboard that presents:
    - Monthly take-home value projections.
    - Cumulative cash flow over 4 years.
    - Sensitivity analysis for stock price fluctuations.
    - Tax impact breakdown.

**5. Automated Output:**
- Generate a comprehensive report summarizing the projected take-home value of the compensation package.
- Update the dashboard regularly to reflect changes in compensation or tax regulations.

**Workflow:**

- User uploads their offer letter.
- The NLP engine extracts relevant financial data.
- The Monte Carlo simulation generates probability-weighted stock price scenarios.
- The tax optimization engine calculates estimated taxes.
- The projection dashboard visualizes the financial impact over time."
0011,DevOps & Systems,0011_a6832707,gemma:instruct,0.2,"## Streamlined Workflow for Containerizing Legacy C++ Computer Vision Application:

**1. Infrastructure & Dependencies:**

- Install Docker on the host machine.
- Create a Dockerfile in the application directory.
- Use `cmake` to manage dependencies, including OpenCV and hardware drivers.
- Define a multi-stage build process to minimize image size.

**2. Building the Docker Image:**

- First stage:
    - Compile application binaries without linking to OpenCV libraries or drivers.
    - Bundle necessary runtime libraries in a directory.
- Second stage:
    - Install OpenCV and drivers in a temporary directory.
    - Link application binaries to the installed libraries and drivers.
    - Copy only the necessary runtime libraries from the first stage.

**3. Host-Guest Communication:**

- Expose the application port to the host.
- Use `nvidia-container-runtime` to enable direct access to the host's GPU.
- Configure the container to access the host's `/dev/nvidia-*.` device.

**4. Inference Optimization:**

- Use optimized OpenCV libraries for inference.
- Cache intermediate results to reduce GPU load.
- Tune application parameters for efficient inference.

**5. Continuous Integration:**

- Automate the build process using a CI/CD pipeline.
- Use automated testing to ensure compatibility with new dependencies and Ubuntu versions.

**Additional Considerations:**

- Use a smaller base image like `ubuntu:slim` to reduce image size.
- Link only the necessary hardware drivers to minimize dependencies.
- Consider using a container registry like Docker Hub or private repository for image storage and distribution."
0011,DevOps & Systems,0011_1f0a8ebf,gemma:instruct,0.5,"**Workflow for Containerizing Legacy C++ Computer Vision Application:**

**1. Build a Base Image:**

- Use a lightweight Ubuntu derivative like Debian or Alpine.
- Install only essential dependencies: compiler, build tools, OpenCV headers (version compatible with legacy code), hardware driver libraries.
- Minimize image size by removing unnecessary packages and libraries.


**2. Code Adaptation:**

- Utilize static linking for OpenCV libraries.
- Replace any system-dependent hardware driver calls with container-compatible alternatives.
- Ensure compatibility with host GPU using NVIDIA Container Runtime (CRI) or other container-native GPU acceleration solutions.


**3. Application Packaging:**

- Create a directory structure mimicking the host application layout.
- Copy source code, libraries, and dependencies into the container.
- Use `cmake` or `make` to build the application within the container.


**4. Dockerfile Configuration:**

- Start with the base image.
- Copy application directory into the container.
- Define environment variables for critical settings.
- Mount the host directory containing necessary hardware drivers to the container.
- Configure NVIDIA CRI or other GPU acceleration plugin.


**5. Building the Container:**

- Use `docker build` command with appropriate flags to specify build context and dependencies.
- Use `docker run` command to launch the container with appropriate command-line arguments for inference.


**6. Optimization:**

- Layerify dependencies to reduce image size.
- Use statically linked libraries whenever possible.
- Configure build cache for `docker build` to avoid unnecessary rebuilds."
0011,DevOps & Systems,0011_ef9b5ecc,gemma:instruct,0.8,"**Workflow for Containerizing Legacy C++ Computer Vision Application:**

**Step 1: Build a Base Image:**

- Create a Dockerfile based on Ubuntu with minimal dependencies.
- Install Docker build essentials, GCC, CMake, and libboost-dev.
- Download and install required OpenCV versions using prebuilt static libraries.
- Compile custom hardware drivers into the image.

**Step 2: Code Adaptation:**

- Modify the application to access OpenCV and drivers through shared memory or host-container bind mounts.
- Utilize techniques like static linking or dependency injection to reduce runtime footprint.

**Step 3: Inference Optimization:**

- Compile the application with optimization flags for performance.
- Cache model data outside the container.
- Use NVIDIA Container Toolkit to access the host GPU directly for inference.

**Step 4: Building the Container:**

- Build the Docker image with `docker build` command.
- Utilize multi-stage builds to reduce final image size.
- Employ layer caching for reproducibility.

**Step 5: Runtime Configuration:**

- Mount necessary host directories containing model data and hardware drivers.
- Configure environment variables for application runtime parameters.

**Step 6: Deployment:**

- Run the container with `docker run` command.
- Ensure proper networking and resource allocation.

**Tools & Technologies:**

- Dockerfile for image building
- OpenCV static libraries
- Hardware driver compilation
- NVIDIA Container Toolkit
- Multi-stage builds
- Layer caching"
